Id,TagName,Count,ExcerptPostId,WikiPostId
"48270","fluent-migrator","143","10672964","10672963"
"48276","ttphotoviewcontroller","31","",""
"48280","rpy2","709","14774235","14774234"
"48281","sikuli","620","7781700","7781699"
"48283","custom-authentication","109","",""
"48295","simple-machines-forum","22","12417195","12417194"
"48297","html-manipulation","22","",""
"48298","vmime","12","",""
"48309","long-long","83","14701502","14701501"
"48313","mmx","77","12845804","12845803"
"48315","dynamic-variables","159","38037877","38037876"
"48318","vsam","28","31286245","31286244"
"48319","pybinding","7","",""
"48320","jquery-layout","47","16244804","16244803"
"48325","url-style","3","",""
"48327","django-ajax-selects","35","11177325","11177324"
"48330","move-constructor","213","11090113","11090112"
"48333","glr","27","11758639","11758638"
"48334","libexif","20","23876660","23876659"
"48337","common-controls","79","40597934","40597933"
"48339","jsonreader","84","",""
"48341","ima4","8","",""
"48344","fputcsv","258","19759675","19759674"
"48346","eclipse-templates","23","",""
"48347","headless-browser","380","9776572","9776571"
"48349","uploaddataasync","4","",""
"48364","nested-query","112","34402866","34402865"
"48366","activemessaging","10","",""
"48367","verbatim","31","",""
"48377","jsr196","8","11282999","11282998"
"48381","facebook-actionscript-api","33","17336682","17336681"
"48384","fire-and-forget","41","",""
"48386","executable-path","15","",""
"48391","ajax4jsf","512","9033207","9033206"
"48395","helicontech","59","13857906","13857905"
"48397","u-boot","537","10732224","10732223"
"48398","machinist","35","6025265","6025264"
"48400","mtlm","2","",""
"48401","banner-ads","167","15524297","15524296"
"48406","custom-search-provider","11","",""
"48407","bevelled","11","",""
"48415","facebook-java-api","71","",""
"48417","filter-var","98","15582431","15582430"
"48421","rinari","10","25080821","25080820"
"48424","getpasswd","14","",""
"48429","llblgen","68","6449478","6449477"
"48439","aero-peek","10","",""
"48443","tpagecontrol","40","8776274","8776273"
"48447","invokelater","108","16699265","16699264"
"48451","qt-vs-addin","11","",""
"48453","requires","32","",""
"48455","railscasts","276","5149355","5149354"
"48457","boolean-operations","311","7011712","7011711"
"48464","ora-00911","42","7314923","7314922"
"48465","icollectionview","110","24533688","24533687"
"48467","unreachable-code","114","15281490","15281489"
"48469","telerik-mvc","921","5760203","5760202"
"48471","recoverymodel","11","",""
"48482","nsbuttoncell","74","13245935","13245934"
"48484","credui","7","",""
"48486","matrix-storage","4","",""
"48488","hexagonal-architecture","34","5506644","5506643"
"48490","fciv","12","29459889","29459888"
"48493","mysql-logic","16","",""
"48496","settingslogic","13","",""
"48499","mainscreen","20","",""
"48508","value-initialization","46","27513705","27513704"
"48514","nscolor","99","13813671","13813670"
"48516","html-editor","258","7826598","7826597"
"48532",".lib","94","12728953","12728952"
"48540","radians","106","17022466","17022465"
"48545","workflow-engine","23","",""
"48552","python-openid","9","15441111","15441110"
"48553","chaco","85","10284542","10284541"
"48559","wcf-endpoint","152","26428619","26428618"
"48569","blobstore","811","10872659","10872658"
"48570","expressionbuilder","51","",""
"48571","simpledom","69","12329939","12329938"
"48572","ipad","34255","5050429","5050428"
"48577","templates-deduction","36","",""
"48579","managementeventwatcher","31","20879987","20879986"
"48582","chipset","28","",""
"48584","sql-generation","16","",""
"48589","pythagorean","70","",""
"48591","compare-and-swap","184","8962301","8962300"
"48594","application-restart","176","11389018","11389017"
"48596","reuseidentifier","133","18231825","18231824"
"48602","tilt-sensor","32","",""
"48605","kxml","18","",""
"48606","admin-generator","74","7242443","7242442"
"48608","external-display","34","12147981","12147980"
"48610","url-for","120","10651261","10651260"
"48620","contain","201","",""
"48623","synchronisation","85","",""
"48624","openxml-sdk","1081","4894545","4894544"
"48625","audiostreamer","56","",""
"48626","audiosessionservices","7","",""
"48627","oledragdrop","13","",""
"48628","uisplitview","104","33075023","33075022"
"48629","uisplitviewcontroller","1975","5014170","5014169"